{
	"partitions" : [
		{
			"name" : "Top",
			"pins" : [
				{
					"name" : "Q0",
					"strict" : false
				},
				{
					"name" : "Q1",
					"strict" : false
				},
				{
					"name" : "Q2",
					"strict" : false
				},
				{
					"name" : "A5",
					"strict" : false
				},
				{
					"name" : "A7",
					"strict" : false
				},
				{
					"name" : "A1",
					"strict" : false
				},
				{
					"name" : "A3",
					"strict" : false
				},
				{
					"name" : "A6",
					"strict" : false
				},
				{
					"name" : "A2",
					"strict" : false
				},
				{
					"name" : "A4",
					"strict" : false
				}
			]
		}
	]
}