{
	"partitions" : [
		{
			"name" : "Top",
			"pins" : [
				{
					"name" : "Y0",
					"strict" : false
				},
				{
					"name" : "Y1",
					"strict" : false
				},
				{
					"name" : "Y2",
					"strict" : false
				},
				{
					"name" : "Y3",
					"strict" : false
				},
				{
					"name" : "DIGIT_1",
					"strict" : false
				},
				{
					"name" : "A0",
					"strict" : false
				},
				{
					"name" : "B0",
					"strict" : false
				},
				{
					"name" : "C",
					"strict" : false
				},
				{
					"name" : "B1",
					"strict" : false
				},
				{
					"name" : "A1",
					"strict" : false
				},
				{
					"name" : "A2",
					"strict" : false
				},
				{
					"name" : "B2",
					"strict" : false
				},
				{
					"name" : "A3",
					"strict" : false
				},
				{
					"name" : "B3",
					"strict" : false
				}
			]
		}
	]
}